,Iowa_Heartland_NDVI,Illinois_Hub_NDVI,Nebraska_Drought_Zone_NDVI,Composite_NDVI
2024-01-05,0.1,0.1,0.1,0.10000000000000002
2024-01-06,0.1,0.1,0.1,0.10000000000000002
2024-01-07,0.1,0.1,0.1,0.10000000000000002
2024-01-08,0.1,0.1,0.1,0.10000000000000002
2024-01-09,0.1,0.10960672310199185,0.1,0.10320224103399729
2024-01-10,0.1,0.11330146652359119,0.1,0.1044338221745304
2024-01-11,0.1,0.11856729424771566,0.1,0.10618909808257189
2024-01-12,0.1093779001573584,0.19501902253438688,0.1420031478973474,0.14880002352969757
2024-01-13,0.113059135516171,0.19925278917962555,0.14829442945220406,0.15353545138266686
2024-01-14,0.11632008353544093,0.20296729858333598,0.1512527028614628,0.15684669499341325
2024-01-15,0.11623851693890429,0.2035842573624253,0.15631787397754204,0.15871354942629054
2024-01-16,0.11865832596949176,0.20799380006286647,0.15847552935904785,0.161709218463802
2024-01-17,0.11848612982124769,0.21301965119934096,0.15902378605434853,0.16350985569164572
2024-01-18,0.12161430345189568,0.21352041535243171,0.16581720642371522,0.16698397507601417
2024-01-19,0.1289341180186332,0.22102038825480438,0.17019441713619626,0.17338297446987797
2024-01-20,0.1324728505734325,0.21608818651838843,0.1743036367598767,0.17428822461723256
2024-01-21,0.13212620462296287,0.21738778872521922,0.1767884775885781,0.17543415697892006
2024-01-22,0.1352404807207251,0.227591237711226,0.13527862347212719,0.16603678063469274
2024-01-23,0.11211624085943256,0.21430017667653017,0.11949664432461331,0.1486376872868587
2024-01-24,0.10893476798550604,0.23601751590630723,0.1159915762000574,0.1536479533639569
2024-01-25,0.11106977263734184,0.23049632014220833,0.11467953485670412,0.15208187587875144
2024-01-26,0.10618113204958889,0.18420121614151463,0.1,0.1301274493970345
2024-01-27,0.1028750797964983,0.1822759839148484,0.1,0.1283836879037822
2024-01-28,0.1030378373805747,0.19865877583758765,0.1,0.13389887107272078
2024-01-29,0.10502262456296668,0.20138111186984464,0.1,0.13546791214427045
2024-01-30,0.10139744249467085,0.19868674058899405,0.1,0.13336139436122163
2024-01-31,0.10396225880799015,0.20046326103686354,0.1,0.13480850661495122
2024-02-01,0.10372516787680809,0.1997348768141861,0.1,0.13448668156366472
2024-02-02,0.10079182361270858,0.1950209735635548,0.1,0.13193759905875446
2024-02-03,0.10091870498509893,0.1964231131922089,0.1,0.13244727272576928
2024-02-04,0.10184312641251436,0.19829870256560336,0.1,0.13338060965937257
2024-02-05,0.10322975855363753,0.19468713079482758,0.10378989545805721,0.1339022616021741
2024-02-06,0.1055366804232101,0.16140474100087795,0.10895411981379244,0.12529851374596016
2024-02-07,0.10701394211604065,0.13931388807596007,0.10825553466978033,0.11819445495392701
2024-02-08,0.1040870798833783,0.14379388460746376,0.11126645901236971,0.11971580783440393
2024-02-09,0.1,0.11855688875882027,0.1183937960512783,0.11231689493669954
2024-02-10,0.10267453072146815,0.12186648457061096,0.11869445294870123,0.11441182274692678
2024-02-11,0.10389802966951797,0.10835755861216792,0.12006509468695284,0.11077356098954623
2024-02-12,0.10563811706229997,0.10955028777680226,0.12201052167027777,0.11239964216979333
2024-02-13,0.11117558267162188,0.11162271431513454,0.12392942010383007,0.11557590569686216
2024-02-14,0.11139309359571964,0.11364289662797127,0.12497287639488615,0.11666962220619236
2024-02-15,0.1274445690123557,0.12299482977270507,0.12718028932136613,0.12587322936880896
2024-02-16,0.1350147175036569,0.1347710250490467,0.13105556921574546,0.133613770589483
2024-02-17,0.1384948922892209,0.13751157068687064,0.13012462860903792,0.1353770305283765
2024-02-18,0.14260947393673665,0.1403886883664466,0.10966412237744372,0.13088742822687566
2024-02-19,0.14679655922561838,0.1427468322873649,0.11169797786001068,0.13374712312433132
2024-02-20,0.1492073053010351,0.14535080588343682,0.11540313197825218,0.13665374772090805
2024-02-21,0.15182649934537884,0.14965260841760697,0.12310525426223402,0.14152812067507328
2024-02-22,0.1550891632068451,0.19469471813048048,0.12751348100605187,0.1590991207811258
2024-02-23,0.15614990457081857,0.19758094061283993,0.12930857954066532,0.16101314157477462
2024-02-24,0.15799874742564943,0.20136051767307256,0.13319943350731517,0.16418623286867903
2024-02-25,0.16108015218370092,0.20397359607192794,0.1357284885856375,0.1669274122804221
2024-02-26,0.16390779419697166,0.2070510194127402,0.13843440066244397,0.1697977380907186
2024-02-27,0.16690119866629408,0.20596754788150748,0.141556982499477,0.17147524301575953
2024-02-28,0.17313876547774443,0.20914620795803118,0.14595682824366307,0.1760806005598129
2024-02-29,0.16207191540501512,0.207642614812647,0.1489899257676651,0.1729014853284424
2024-03-01,0.15942295157142555,0.19501121841771535,0.1507386984250796,0.1683909561380735
2024-03-02,0.16092740212976833,0.1963678340324521,0.15253379695969305,0.16994301104063783
2024-03-03,0.16215090107781815,0.19791565050564175,0.15416972419567077,0.17141209192637688
2024-03-04,0.186165467521335,0.19498932353483123,0.16542700188627082,0.18219393098081235
2024-03-05,0.18975439776894787,0.20398898752425237,0.16588683008232943,0.18654340512517656
2024-03-06,0.19523748564724536,0.2051227522518128,0.16667714328015465,0.18901246039307096
2024-03-07,0.19378515916594552,0.15996228010275415,0.16758795682234767,0.17377846536368247
2024-03-08,0.19382168991713575,0.18370782254305812,0.1756047258094172,0.1843780794232037
2024-03-09,0.197292801747529,0.1863911379919574,0.17822220938698163,0.1873020497088227
2024-03-10,0.20021107331250718,0.18971439100792334,0.1809546500135607,0.19029337144466374
2024-03-11,0.20282120440168017,0.1924731462513142,0.18320957674423277,0.19283464246574236
2024-03-12,0.20204822394918898,0.19771751265459195,0.18140457954590616,0.19372343871656236
2024-03-13,0.19952646875774183,0.1975070182854789,0.17599829868764638,0.19101059524362238
2024-03-14,0.20048324089813663,0.26918457819833297,0.22633364676554119,0.23200048862067027
2024-03-15,0.20319306449418778,0.2771779446991621,0.23006638524734435,0.23681246481356477
2024-03-16,0.20234114670813827,0.2780064817524577,0.23256006892596987,0.23763589912885527
2024-03-17,0.20458875959048167,0.2784161978777139,0.23503606690474704,0.2393470081243142
2024-03-18,0.1850875448219932,0.2808508654982169,0.229323256116623,0.23175388881227768
2024-03-19,0.18796050161111763,0.2763762884921796,0.2339303809271333,0.23275572367681016
2024-03-20,0.1925735457930241,0.2800273144083504,0.23812743508655929,0.2369094317626446
2024-03-21,0.19627123150268583,0.28905927876955095,0.24217191705649163,0.24250080910957614
2024-03-22,0.22898107306264553,0.2686643037535633,0.23945366495130593,0.24569968058917158
2024-03-23,0.22517650993591942,0.26669983416252063,0.2386362292402115,0.24350419111288382
2024-03-24,0.25678118048681864,0.26151009657594376,0.2519313214421259,0.2567408661682961
2024-03-25,0.2820823109555836,0.2589215144321963,0.2999110397724072,0.2803049550533957
2024-03-26,0.2887015520327061,0.27917558178605884,0.32570510454849383,0.2978607461224196
2024-03-27,0.2948371726832968,0.28356409672769045,0.33487349014260803,0.3044249198511984
2024-03-28,0.29776840831114926,0.2162295277425508,0.2885970101799229,0.267531648744541
2024-03-29,0.29528553420336345,0.2219048548109127,0.2880211691210607,0.26840385271177897
2024-03-30,0.31049532995535645,0.246842476072795,0.28949792505840277,0.2822785770288514
2024-03-31,0.3112097526386124,0.24685266478067178,0.287629246020117,0.28189722114646704
2024-04-01,0.32800419702226985,0.24770179603073952,0.2860720462435521,0.28725934643218715
2024-04-02,0.3256005391785497,0.2978545182583813,0.2873454166326376,0.3036001580231895
2024-04-03,0.3264626467467607,0.29884217257936885,0.28990100026073246,0.305068606528954
2024-04-04,0.3277949011568594,0.2956821556704494,0.29299269817963286,0.3054899183356472
2024-04-05,0.30362170882823225,0.2914393175733533,0.294361690140599,0.2964742388473948
2024-04-06,0.3115680424679863,0.2983036885290324,0.31426146753530915,0.30804439951077595
2024-04-07,0.2875546028514602,0.3347725425161773,0.3005960314503672,0.30764105893933485
2024-04-08,0.2653624416152559,0.3431582826607701,0.25450868300386553,0.2876764690932972
2024-04-09,0.2650963321128218,0.3277661799932797,0.23629294061282183,0.2763851509063078
2024-04-10,0.26373688883721086,0.31847559587682495,0.2368500401580467,0.27302084162402745
2024-04-11,0.26423910746157064,0.3580199221756143,0.23952058083515632,0.2872598701574471
2024-04-12,0.27184255124082435,0.365969715691694,0.2432522635031705,0.2936881768118963
2024-04-13,0.2644540858011797,0.34730530354762135,0.24502083348801132,0.28559340761227076
2024-04-14,0.2685430293584158,0.3526396340736405,0.25089532354196153,0.2906926623246726
2024-04-15,0.2561713070980791,0.3608042575792063,0.25777083752783647,0.29158213406837397
2024-04-16,0.3076970559930131,0.30629141872337656,0.3143452120209477,0.30944456224577915
2024-04-17,0.30657663003281355,0.31253059322125754,0.31443364052018974,0.3111802879247536
2024-04-18,0.30632051695556173,0.3137057631233809,0.31555490057007396,0.3118603935496722
2024-04-19,0.3088490814481981,0.3640592245742962,0.3119912320506196,0.3282998460243713
2024-04-20,0.30371944882155943,0.3635857748295559,0.2958712450916123,0.32105882291424254
2024-04-21,0.30289824539972876,0.336877269426289,0.3025819123702943,0.3141191423987707
2024-04-22,0.2998799057188756,0.3370255476430484,0.3043504823551351,0.31375197857235304
2024-04-23,0.2991639322603872,0.3498550818890298,0.3085518918829211,0.31919030201077936
2024-04-24,0.304393257393904,0.3629969975828916,0.3070397645458821,0.32481000650755926
2024-04-25,0.3069550688352479,0.32683965791955255,0.3066516028498019,0.3134821098682008
2024-04-26,0.3060421946082472,0.313327263464811,0.42486492898860684,0.348078129020555
2024-04-27,0.33957699568000665,0.32423828569570445,0.43111385406753633,0.36497637848108244
2024-04-28,0.3496464483964681,0.36913818706034096,0.43433614861840164,0.3843735946917369
2024-04-29,0.3427771039860444,0.40466902957977,0.43369570201899543,0.3937139451949367
2024-04-30,0.29797649177604096,0.4131991458827865,0.3782719538298198,0.3631491971628824
2024-05-01,0.3041550768700143,0.41385772661745734,0.37984089967126744,0.3659512343862463
2024-05-02,0.3571954661054524,0.4151790069261535,0.42039823396309484,0.3975909023315669
2024-05-03,0.3541775020335961,0.3786670135162965,0.4275459622929263,0.3867968259476063
2024-05-04,0.3773089268050749,0.3796594370196945,0.5379527683284689,0.4316403773844128
2024-05-05,0.37663826812244006,0.38524414962225906,0.5392791958170995,0.4337205378539329
2024-05-06,0.3743906552400966,0.3820559511809146,0.5547274559189556,0.43705802077998895
2024-05-07,0.3963390612616642,0.39350459033806995,0.5719396009002041,0.45392775083331277
2024-05-08,0.3967034091742335,0.3906216195709903,0.5781152097018697,0.4551467461490312
2024-05-09,0.41042110112553687,0.46840048125386147,0.5773449580578792,0.4853888468124259
2024-05-10,0.411144404511946,0.47177012540781926,0.45765487598173216,0.4468564686338325
2024-05-11,0.3783074509883334,0.4623887100445485,0.4535370777345359,0.43141107958913927
2024-05-12,0.36939993457871123,0.42004725826206657,0.453606170756644,0.4143511211991406
2024-05-13,0.36941688532281725,0.3873848621814674,0.4678045536910246,0.4082021003984364
2024-05-14,0.36900416942317393,0.3913183537649443,0.47262285108592694,0.41098179142468166
2024-05-15,0.36372737253831167,0.38089595595009695,0.48436199804079394,0.4096617755097342
2024-05-16,0.3211521156013444,0.39615972425454415,0.44500907322914807,0.3874403043616789
2024-05-17,0.3259282929763241,0.3893118286562828,0.446147095278296,0.3871290723036343
2024-05-18,0.31148824221358473,0.3914991491345018,0.341576570192728,0.34818798718027155
2024-05-19,0.3083010385262148,0.38718000411883924,0.3750211512148083,0.3568340646199541
2024-05-20,0.32547031064007215,0.38898644034728314,0.3637621582362428,0.3594063030745327
2024-05-21,0.35281388982473605,0.36845250869833834,0.3465199209242421,0.3559287731491055
2024-05-22,0.3527218061762858,0.3747209486337376,0.3461380286002159,0.35786026113674646
2024-05-23,0.3434170221751386,0.2971161621088457,0.3503118537644403,0.3302816793494749
2024-05-24,0.350153330451487,0.30134187450546823,0.3659722767537973,0.3391558272369175
2024-05-25,0.3541500936817832,0.3110811953305368,0.3654770771580419,0.34356945539012057
2024-05-26,0.38930636417186626,0.3216529552672368,0.4270474642344444,0.37933559455784915
2024-05-27,0.40216477117491645,0.3500326255433074,0.4153339221287652,0.3891771062823297
2024-05-28,0.40421980834469284,0.3494878548434299,0.41424625158808814,0.3893179715920703
2024-05-29,0.40982977759538064,0.35278054173576556,0.4053949551535724,0.38933509149490614
2024-05-30,0.40678049295904606,0.34789516469937887,0.40952760139633837,0.3880677530182544
2024-05-31,0.4021961400786396,0.35355726812560284,0.4654187005912994,0.40705736959851396
2024-06-01,0.404729163539994,0.36023650809135155,0.4618809666581212,0.4089488794298222
2024-06-02,0.4033784559498017,0.3540725566069435,0.42819089746574124,0.3952139700074955
2024-06-03,0.41869094908064797,0.35762126188230947,0.4288098969604355,0.40170736930779766
2024-06-04,0.37961051568012427,0.3541289196717935,0.4223283521924023,0.38535592918144007
2024-06-05,0.3849417386352558,0.3754475986082658,0.4238775007064235,0.39475561264998166
2024-06-06,0.3858212208958144,0.37873334850800455,0.4255399564921739,0.39669817529866425
2024-06-07,0.378395752417493,0.38101323448118884,0.41491441466425993,0.39144113385431395
2024-06-08,0.3748940229013705,0.3627437973531037,0.4239256084741121,0.3871878095761954
2024-06-09,0.34223724999342675,0.3516348540521791,0.3644629216103573,0.35277834188532103
2024-06-10,0.34036394421455174,0.3177303027346925,0.36536489230262614,0.3411530464172901
2024-06-11,0.33809858103086377,0.3191489177207643,0.36680627684027145,0.34135125853063314
2024-06-12,0.33708353005174096,0.3255051539687185,0.3676905618326919,0.3434264152843838
2024-06-13,0.3365035009208136,0.32264624589470947,0.36601622786885446,0.34172199156145916
2024-06-14,0.34344422214561254,0.3752195449766419,0.3114073419129031,0.3433570363450525
2024-06-15,0.33432393271111793,0.37056850822142007,0.35019148662512123,0.3516946425192198
2024-06-16,0.34535087155168487,0.3778250360398444,0.3512505169884478,0.358142141526659
2024-06-17,0.3366089242411351,0.3761588571304696,0.3559303641127255,0.35623271516144345
2024-06-18,0.34807637404711667,0.37915542115132395,0.3548758212309632,0.36070253880980124
2024-06-19,0.37954289495571814,0.3527235283278596,0.3552850336921426,0.3625171523252401
2024-06-20,0.4219278781733449,0.34872651990591697,0.35695831184219096,0.37587090330715095
2024-06-21,0.43121317884589727,0.3472788562633456,0.3560579909272076,0.3781833420121501
2024-06-22,0.513578226697667,0.35077401662710406,0.3448321911182367,0.4030614781476693
2024-06-23,0.51218290721037,0.3534787933968502,0.34376609979547573,0.403142600134232
2024-06-24,0.5109865971278323,0.3590123456790123,0.342696114954647,0.40423168592049724
2024-06-25,0.5149191684539395,0.3464943257568367,0.34257231505570807,0.4013286030888281
2024-06-26,0.5180198259493233,0.3378389100250382,0.342483886556466,0.3994475408436092
2024-06-27,0.5128539415020016,0.3389588007674048,0.3360656272887794,0.3959594565193953
2024-06-28,0.5766354722850371,0.27425790437789266,0.33133245883854806,0.3940752785004926
2024-06-29,0.584129409384248,0.30635970474425256,0.29664314760473304,0.39571075391107785
2024-06-30,0.5816643339170516,0.30839115967005926,0.2970941329508674,0.39571654217932606
2024-07-01,0.5561119249487498,0.3092379063289218,0.358379370599593,0.40790973395908825
2024-07-02,0.6086855478232724,0.3106966258034446,0.5384033584268353,0.4859285106845174
2024-07-03,0.5697221332827297,0.31432944211404845,0.5356651768810191,0.4732389174259324
2024-07-04,0.5249316625156429,0.33577146945013486,0.5833684576121881,0.4813571965259887
2024-07-05,0.5188750275378554,0.3334154933394031,0.5836995365774513,0.47866335248490327
2024-07-06,0.43823612120673705,0.3395066064015434,0.5856852842923297,0.45447600396687005
2024-07-07,0.4374155239851658,0.3379763491908648,0.6117840971077908,0.46239199009460713
2024-07-08,0.4544831288686706,0.335970691206278,0.6112004690127933,0.46721809636258066
2024-07-09,0.44995165128330084,0.4083506216195709,0.6094407418778766,0.48924767159358273
2024-07-10,0.45163919065079816,0.5177077575087524,0.6096822044169048,0.5263430508588184
2024-07-11,0.46744676583506295,0.5224502758538463,0.6157998067871684,0.5352322828253592
2024-07-12,0.40074771470504333,0.5325871730671262,0.6196840616446762,0.5176729831389486
2024-07-13,0.4002216876961435,0.49878277458025777,0.6184991197548327,0.5058345273437447
2024-07-14,0.4345815932974372,0.5199544759860827,0.6185079626047569,0.5243480106294256
2024-07-15,0.4710966525236271,0.5197097302160223,0.5520410791268562,0.5142824872888352
2024-07-16,0.3956658438652191,0.5314512405293792,0.37882832948203327,0.43531513795887716
2024-07-17,0.3989368194638623,0.538698013201964,0.38677508174640984,0.44146997147074535
2024-07-18,0.39594041012256465,0.5155260733370186,0.3288121155887903,0.4134261996827912
2024-07-19,0.39444239325641417,0.5144586436011663,0.3256192528026561,0.41150676322007884
2024-07-20,0.3878580838160046,0.5064555219544976,0.34766771061574364,0.4139937721287486
2024-07-21,0.3891978987452863,0.5013841468041059,0.3235931843562243,0.4047250766352055
2024-07-22,0.369795056299706,0.5021842855439578,0.32226616290409715,0.3980818349159203
2024-07-23,0.37521009950535555,0.44017862755937087,0.32247839130227807,0.3792890394556682
2024-07-24,0.37079493790121776,0.3405300295906091,0.32100777262378566,0.3441109133718709
2024-07-25,0.360677347788945,0.3462463282714965,0.31949564528674684,0.34213977378239613
2024-07-26,0.35960942151478537,0.348173294746312,0.31909771704015766,0.342293477767085
2024-07-27,0.35868575130536373,0.3479456746767253,0.3184875603953875,0.3417063287924922
2024-07-28,0.32147552213325015,0.34816700809677104,0.31190848005177974,0.3271836700939336
2024-07-29,0.3091787877595234,0.34827453148202336,0.31134253765663056,0.3229319522993925
2024-07-30,0.32636726427146795,0.34236854940981365,0.3100625681584031,0.32626612727989485
2024-07-31,0.41015106438607773,0.3408135791630085,0.30081189132389663,0.35059217829099426
2024-08-01,0.41075034625433726,0.3408417606954335,0.3064094153259178,0.35266717409189613
2024-08-02,0.4120554117989238,0.34618888130155323,0.3092927783647049,0.355845690488394
2024-08-03,0.4175967301767044,0.35259974636620817,0.2864650939444985,0.35222052349580374
2024-08-04,0.4155545603913128,0.3555861216791858,0.28199133795955195,0.3510440066766835
2024-08-05,0.4145727563608975,0.35140159767610746,0.2818239177744887,0.3492660906038312
2024-08-06,0.40867737653119873,0.3479422061804268,0.279409819745181,0.34534313415226886
2024-08-07,0.4067364500279175,0.3336769312479,0.2797502034106607,0.34005452822882604
2024-08-08,0.40383785514851345,0.3207507126675988,0.28025681933421054,0.33494846238344095
2024-08-09,0.4019233179535059,0.3186839224357515,0.2757115944731696,0.3321062782874757
2024-08-10,0.3991946172291194,0.317372830834932,0.2675054297435082,0.32802429260251986
2024-08-11,0.3937980272035633,0.29235500059614783,0.261952119991108,0.31603504926360637
2024-08-12,0.3790084595311518,0.28215827182171926,0.2582241987279573,0.30646364336027615
2024-08-13,0.36044048744902535,0.2730632241840904,0.2505486049937481,0.2946841055422879
2024-08-14,0.2627623775004332,0.26073185271897587,0.24461624062160026,0.25603682361366975
2024-08-15,0.2799409431607236,0.285091319004108,0.24424035344321948,0.269757538536017
2024-08-16,0.27746675639911167,0.2776565971883502,0.24011958537854036,0.26508097965533406
2024-08-17,0.2695657375352113,0.2763429042153069,0.24086238477217348,0.2622570088408972
2024-08-18,0.26913071568701574,0.27305021732297113,0.24325945657580922,0.2618134631952654
2024-08-19,0.269647304131748,0.2731776845619397,0.24107527264453077,0.2613000871127395
2024-08-20,0.26217074172488464,0.27393706847028465,0.241376391392246,0.25916140052913844
2024-08-21,0.26308342259490614,0.28387951310983206,0.2356241835731534,0.26086237309263055
2024-08-22,0.26408941061885827,0.28383398909591473,0.23148975543989767,0.2598043850515569
2024-08-23,0.26320124101212583,0.2823134870310755,0.23434197033414378,0.2599522327924484
2024-08-24,0.2602123438507663,0.2791723300707789,0.23908173789351717,0.2594888039383541
2024-08-25,0.2618342372173318,0.27708733023336474,0.24673964592787798,0.26188707112619153
2024-08-26,0.26079777652538483,0.28341516816787515,0.24738141256748145,0.26386478575358047
2024-08-27,0.2638539188021535,0.2819675045253037,0.25299048501050136,0.26627063611265284
2024-08-28,0.27148572661315495,0.28312468160287885,0.25717599072892855,0.27059546631498743
2024-08-29,0.250215963741647,0.2565154619061555,0.2907937994578337,0.26584174170187874
2024-08-30,0.27536344792075107,0.27050542494499175,0.2950598145261635,0.28030956246396876
2024-08-31,0.2808537207092347,0.28581905288372944,0.2942639580329851,0.2869789105419831
2024-09-01,0.280419450079033,0.2868923357070854,0.2890106457038315,0.28544081049665
2024-09-02,0.27906000680342213,0.28825805612460564,0.2879671894127753,0.285095084113601
2024-09-03,0.28667251353784645,0.2858088641758527,0.2867198857231702,0.28640042114562314
2024-09-04,0.28420100437845774,0.2847527070529704,0.28829391300967855,0.2857492081470356
2024-09-05,0.2804040017709148,0.28226341061576643,0.2845235593873965,0.28239699059135925
2024-09-06,0.2784192145885228,0.29666764218125063,0.2757201064941611,0.28360232108797817
2024-09-07,0.27952301707436844,0.29751438884011316,0.27327063706515653,0.283436014326546
2024-09-08,0.27925112841924626,0.2971593015315578,0.2716081812794061,0.28267287041007005
2024-09-09,0.2780095035608549,0.2968952622508373,0.26987498269426213,0.2815932495019848
2024-09-10,0.2739402366891929,0.2964127077033135,0.263779553505411,0.2780441659659725
2024-09-11,0.27436619558221764,0.2957289803704787,0.2628598971132938,0.27765169102199666
2024-09-12,0.2742782436327335,0.2954012074702738,0.22418846570930814,0.2646226389374385
2024-09-13,0.24068446084349693,0.2748674926023477,0.2183749519042426,0.2446423017833624
2024-09-14,0.24106651071816607,0.2573606910978874,0.21503235463289344,0.23781985214964899
2024-09-15,0.23778759899134283,0.25383496461049865,0.22949767284228567,0.2403734121480424
2024-09-16,0.23357332483694893,0.25106710456432435,0.24580276568620474,0.24348106502915934
2024-09-17,0.23039222757201933,0.24971048894958753,0.24304815187821313,0.24105028946660667
2024-09-18,0.22421204336356876,0.2478440043789765,0.2632268748392259,0.24509430752725705
2024-09-19,0.24152580213342642,0.24575358501609598,0.27200320521919225,0.25309419745623823
2024-09-20,0.24058363040466646,0.2250134946184112,0.2755580308887222,0.24705171863726663
2024-09-21,0.24023543367896436,0.22006048190420446,0.27262220471388654,0.24430604009901846
2024-09-22,0.2420143054769181,0.21822196208499986,0.2676579342386327,0.24263140060018354
2024-09-23,0.23792498631068515,0.21603377448270628,0.2657301929551562,0.23989631791618252
2024-09-24,0.23466039606498945,0.23622172362587926,0.2746938729608164,0.24852533088389503
2024-09-25,0.2316424319931332,0.22982104726910108,0.27227977493150857,0.24458108473124762
2024-09-26,0.23029205167269298,0.22793635309292315,0.27109483304166526,0.24310774593576046
2024-09-27,0.23349089923896715,0.2451849684041665,0.26919362030796135,0.24928982931703167
2024-09-28,0.22834173494448906,0.2716038543665117,0.26802636411796643,0.2559906511429891
2024-09-29,0.22633619258877719,0.26530441474544486,0.24937837789442557,0.2470063284095492
2024-09-30,0.2255567784440936,0.254965694403798,0.22924433103332617,0.23658893462707262
2024-10-01,0.22423358698916562,0.25207947192143854,0.22799313382565342,0.23476873091208586
2024-10-02,0.2257100974640024,0.24999447208402437,0.20381744269890026,0.22650733741564233
2024-10-03,0.20559550993738918,0.2481735115273307,0.1939059279740648,0.21589164981292822
2024-10-04,0.2091688951983942,0.24482186019792102,0.19174827259255894,0.21524634266295806
2024-10-05,0.2053571955007268,0.24334688214699918,0.19174827259255897,0.21348411674676168
2024-10-06,0.19911934975876922,0.24044179971601687,0.19256524645336096,0.21070879864271566
2024-10-07,0.19867719133963233,0.2382050531655448,0.18985933437655456,0.20891385962724388
2024-10-08,0.20108080084410768,0.2132917113777517,0.18085144012127338,0.19840798411437757
2024-10-09,0.19947665777888682,0.2150580431177446,0.17848155634158663,0.19767208574607267
2024-10-10,0.1972471708068849,0.2135011218417715,0.1759525012632643,0.1955669313039736
2024-10-11,0.19455547312117522,0.19765464615918227,0.1728751894896412,0.1883617695899996
2024-10-12,0.1909574799183916,0.16463521174086,0.16927614957049011,0.17495628040991387
2024-10-13,0.1884923561119504,0.16840351618812255,0.16723345123799896,0.17470977451269062
2024-10-14,0.18290051277160407,0.17229603615907388,0.16494315310763008,0.173379900679436
2024-10-15,0.1805985221582362,0.17038316045047092,0.1628120262758969,0.17126456962820133
2024-10-16,0.17864092384135646,0.168361894232541,0.1610169277412835,0.16933991527172698
2024-10-17,0.1771545991933552,0.16646809525357958,0.1591068721576554,0.16757652220153005
2024-10-18,0.169067486648325,0.16807964534625347,0.15391611925214754,0.16368775041557534
2024-10-19,0.16689237740734747,0.16740588994027683,0.1766409890278346,0.1703130854584863
2024-10-20,0.1638744133354912,0.1650386412165751,0.17380243420216507,0.1675718295847438
2024-10-21,0.16027642013270757,0.16246198202885354,0.1675770678555254,0.16343849000569552
2024-10-22,0.1583935791111752,0.1601419915672184,0.177110451661198,0.16521534077986386
2024-10-23,0.15646316965980767,0.15395983047724343,0.17473172503158707,0.16171824172287938
2024-10-24,0.15287461502119168,0.1521843939344671,0.17240605550152138,0.15915502148572672
2024-10-25,0.1508626389732875,0.14896194409217525,0.1713802849103137,0.15706828932525882
2024-10-26,0.15001978414240869,0.14871611441702165,0.16970014342471496,0.15614534732804844
2024-10-27,0.14799874513933375,0.14732307959115098,0.16742753099419444,0.15424978524155972
2024-10-28,0.14711057553260132,0.14479194441734677,0.16270544913466944,0.1515359896948725
2024-10-29,0.1428781754678659,0.14222525715648338,0.158699638119005,0.14793435691445142
2024-10-30,0.15590177596099153,0.13898394736556863,0.19040290378271768,0.1617628757030926
2024-10-31,0.17828393198602932,0.14045632404426667,0.19465004522420595,0.1711301004181673
2024-11-01,0.17607257092436884,0.1384077434179863,0.19538400176791493,0.16995477203675668
2024-11-02,0.17150066148010518,0.136067809102635,0.16347801003012186,0.15701549353762068
2024-11-03,0.21706519118742906,0.1283876911737608,0.15939591291971056,0.16828293176030015
2024-11-04,0.21305631179074203,0.17532164883642784,0.16486217972374584,0.18441338011697192
2024-11-05,0.22489078711151622,0.22590403104304188,0.20129531428311886,0.21736337747922566
2024-11-06,0.2223803485292213,0.23170617500731633,0.1958392758798849,0.21664193313880753
2024-11-07,0.2212289776135405,0.22849217962475205,0.1939203774463326,0.21454717822820837
2024-11-08,0.21815663581065978,0.2264520534581992,0.18794307274786293,0.2108505873389073
2024-11-09,0.23291802170334108,0.21790697926489555,0.22168408741221024,0.22416969612681562
2024-11-10,0.22890613743467875,0.22239174497880965,0.21844760433995153,0.22324849558447998
2024-11-11,0.22888801152433727,0.2228014611040657,0.21919040373358467,0.2236266254539959
2024-11-12,0.22865237468989802,0.22094408133623816,0.2184033900903305,0.22266661537215557
2024-11-13,0.2116481621533435,0.22520079341852828,0.2001290473043884,0.2123260009587534
2024-11-14,0.18699528774017135,0.2384940222634106,0.19204410899579558,0.2058444729997925
2024-11-15,0.1853639558094382,0.2333771230991014,0.19050545310898404,0.20308217733917455
2024-11-16,0.18545951661735027,0.22980804040798186,0.19358500862338918,0.20295085521624046
2024-11-17,0.13409507120975003,0.22901158694544702,0.1933429521208646,0.18548320342535388
2024-11-18,0.14947809325848807,0.1877063484321313,0.29362033962483347,0.21026826043848426
2024-11-19,0.147612723607793,0.13570361699129624,0.2612535959903971,0.18152331219649545
2024-11-20,0.14000890421954248,0.13350502390010732,0.2638180224684163,0.17911065019602201
2024-11-21,0.13741689904071097,0.13921546949349117,0.26253580922940667,0.17972272592120295
2024-11-22,0.131915685252072,0.13304566492157946,0.2644807743624391,0.17648070817869685
2024-11-23,0.11294002520499676,0.1324130979091471,0.228016161921437,0.15778976167852696
2024-11-24,0.11256543917102113,0.12361265567586902,0.22749443377590894,0.15455750954093303
2024-11-25,0.10942965668194524,0.12070995783609187,0.2265128774343223,0.15221749731745313
2024-11-26,0.10662014057901598,0.11988142078279625,0.2228696232655502,0.14979039487578746
2024-11-27,0.10200907112058372,0.11362577092749758,0.19937753717403525,0.13833745974070552
2024-11-28,0.1,0.1,0.19775045278798167,0.13258348426266056
2024-11-29,0.1,0.1,0.1964859252488205,0.13216197508294017
2024-11-30,0.1,0.1,0.19634714524110775,0.13211571508036926
2024-12-01,0.1,0.1,0.1956485600970956,0.13188285336569852
2024-12-02,0.1,0.1,0.1,0.10000000000000002
2024-12-03,0.1,0.1,0.1,0.10000000000000002
2024-12-04,0.1,0.1,0.1,0.10000000000000002
2024-12-05,0.1,0.1,0.1,0.10000000000000002
2024-12-06,0.1,0.1,0.1,0.10000000000000002
2024-12-07,0.1,0.1,0.1,0.10000000000000002
2024-12-08,0.1,0.1,0.1,0.10000000000000002
2024-12-09,0.1,0.1,0.1,0.10000000000000002
2024-12-10,0.1,0.1,0.1,0.10000000000000002
2024-12-11,0.1,0.1,0.1,0.10000000000000002
2024-12-12,0.1,0.1,0.1,0.10000000000000002
2024-12-13,0.1,0.1,0.1,0.10000000000000002
2024-12-14,0.1,0.1,0.1,0.10000000000000002
2024-12-15,0.1,0.10213811118698445,0.1,0.10071270372899481
2024-12-16,0.1,0.12170216455847126,0.1,0.10723405485282374
2024-12-17,0.1,0.12117408599703008,0.1,0.10705802866567671
2024-12-18,0.1,0.12075569863102785,0.1,0.10691856621034261
2024-12-19,0.1,0.11888813015532358,0.1,0.10629604338510786
2024-12-20,0.1,0.11703096716851472,0.1,0.10567698905617158
2024-12-21,0.1,0.11718574881583366,0.1,0.10572858293861122
2024-12-22,0.1,0.11658483183212477,0.1,0.10552827727737495
2024-12-23,0.1,0.1,0.1,0.10000000000000002
2024-12-24,0.1,0.1,0.1,0.10000000000000002
2024-12-25,0.1,0.1,0.1,0.10000000000000002
2024-12-26,0.1,0.1,0.1,0.10000000000000002
2024-12-27,0.1,0.1,0.1,0.10000000000000002
2024-12-28,0.1,0.1,0.1,0.10000000000000002
2024-12-29,0.1,0.18432413097909148,0.1,0.12810804365969716
2024-12-30,0.1,0.16448736708613793,0.1,0.12149578902871265
2024-12-31,0.1,0.1837758917829155,0.1,0.12792529726097182
2025-01-01,0.1,0.1814814814814815,0.1,0.12716049382716052
2025-01-02,0.1,0.18219165609859203,0.1,0.1273972186995307
2025-01-03,0.1,0.1855062378738118,0.1,0.12850207929127058
2025-01-04,0.1,0.18510562655133916,0.1,0.12836854218377972
2025-01-05,0.1,0.18890709849445586,0.1,0.12963569949815193
2025-01-06,0.1,0.19726942628903413,0.1,0.13242314209634473
2025-01-07,0.1,0.20102060503582306,0.1,0.133673535011941
2025-01-08,0.1,0.2024947159626703,0.1,0.1341649053208901
2025-01-09,0.1,0.20928581493404436,0.1,0.1364286049780148
2025-01-10,0.1,0.21140289836221937,0.1,0.1371342994540731
2025-01-11,0.1,0.21379746149427153,0.1,0.13793248716475717
2025-01-12,0.1,0.10918306073120235,0.1,0.10306102024373413
2025-01-13,0.1,0.1124152657193336,0.1,0.10413842190644455
2025-01-14,0.1,0.1,0.1,0.10000000000000002
2025-01-15,0.1,0.1,0.1,0.10000000000000002
2025-01-16,0.1,0.10133667176102057,0.1,0.10044555725367353
2025-01-17,0.1,0.10067137081477145,0.1,0.1002237902715905
2025-01-18,0.1,0.10059701492537312,0.1,0.10019900497512439
2025-01-19,0.1,0.1,0.1,0.10000000000000002
2025-01-20,0.1,0.1,0.1,0.10000000000000002
2025-01-21,0.1,0.1,0.1,0.10000000000000002
2025-01-22,0.1,0.1,0.1,0.10000000000000002
2025-01-23,0.1,0.1,0.1,0.10000000000000002
2025-01-24,0.1,0.1,0.1,0.10000000000000002
2025-01-25,0.1,0.1,0.1,0.10000000000000002
2025-01-26,0.1,0.1,0.1,0.10000000000000002
2025-01-27,0.1,0.1,0.1,0.10000000000000002
2025-01-28,0.1,0.1,0.1,0.10000000000000002
2025-01-29,0.1,0.1,0.1,0.10000000000000002
2025-01-30,0.1,0.1,0.1,0.10000000000000002
2025-01-31,0.1,0.10148234860555609,0.1,0.10049411620185204
2025-02-01,0.1,0.10609956752186776,0.1,0.10203318917395592
2025-02-02,0.1,0.10538939290475723,0.1,0.10179646430158573
2025-02-03,0.1,0.10554417455207621,0.1,0.10184805818402541
2025-02-04,0.1,0.10609848361677449,0.1,0.10203282787225816
2025-02-05,0.1,0.10365752934673039,0.1,0.10121917644891014
2025-02-06,0.1,0.11138880759600689,0.1,0.10379626919866897
2025-02-07,0.1,0.11247227912723962,0.1,0.10415742637574654
2025-02-08,0.1,0.11395506129483299,0.1,0.10465168709827766
2025-02-09,0.1,0.115530192176373,0.1,0.10517673072545768
2025-02-10,0.1,0.11497479920658146,0.1,0.10499159973552714
2025-02-11,0.1,0.11255292166617889,0.1,0.10418430722205962
2025-02-12,0.1062798427472107,0.11312218862116433,0.10088911094583013,0.10676371410473505
2025-02-13,0.11272548191859118,0.11962453527569125,0.10988842657759548,0.11407948125729266
2025-02-14,0.10954288221767389,0.10857087113452345,0.11071965447047066,0.10961113594088934
2025-02-15,0.11549569298961736,0.10585135325550893,0.12493644918140041,0.11542783180884224
2025-02-16,0.12097046913073786,0.11393641812722877,0.13270047141485164,0.12253578622427275
2025-02-17,0.12766005687373447,0.11480137439165826,0.14119204870675373,0.1278844933240488
2025-02-18,0.13008061712231575,0.11645367931583908,0.1487425225018267,0.13175893964666052
2025-02-19,0.13944908350588214,0.12560769139054184,0.1590477422180956,0.14136817237150653
2025-02-20,0.14176769759360378,0.1282398465190388,0.16280595343588236,0.1442711658495083
2025-02-21,0.14716015592019385,0.13136279387376842,0.16784637789267867,0.14878977589554698
2025-02-22,0.15471828492359374,0.1378922381556271,0.17124203226357307,0.15461751844759797
2025-02-23,0.15850660018496293,0.14259031639189673,0.17548884396797318,0.15886192018161094
2025-02-24,0.15886230909060325,0.14255389718076283,0.18487995058747797,0.16209871895294803
2025-02-25,0.16128780059538922,0.149611203243044,0.19073061768273003,0.16720987384038777
2025-02-26,0.1527219505407871,0.15505262359227823,0.16808038422450425,0.15861831945252317
2025-02-27,0.15272007249580255,0.1556325128171777,0.16871706941904696,0.15902321824400908
2025-02-28,0.1574098003572858,0.16001192295602595,0.17116158951619487,0.16286110427650222
2025-03-01,0.15972240470105684,0.163669669083775,0.165124430985154,0.1628388349233286
2025-03-02,0.16084545992423474,0.16296859926944796,0.1661944158259827,0.16333615833988846
2025-03-03,0.16293787574168483,0.16418864284243267,0.15603153989840607,0.1610526861608412
2025-03-04,0.17223740121687514,0.19117419438753938,0.15708476273997113,0.1734987861147952
2025-03-05,0.22282093004380416,0.2029536413791608,0.16553390767274181,0.19710282636523557
2025-03-06,0.22345533690575595,0.20470870050618367,0.15817111324045083,0.1954450502174635
2025-03-07,0.2349756620067743,0.2008922706727799,0.17114080188565942,0.2023362448550712
2025-03-08,0.23796643721311844,0.20483530062107763,0.1728563147709551,0.20521935086838372
2025-03-09,0.2399965391713641,0.20749390303385032,0.17444802775731177,0.20731282332084203
2025-03-10,0.24587614342319258,0.2145774395993887,0.17736616823229912,0.2126065837516268
2025-03-11,0.24853158928821933,0.21657030750387496,0.18046116570577064,0.21518768749928832
2025-03-12,0.2516734298604907,0.21683282931746498,0.1827603066860637,0.21708885528800645
2025-03-13,0.2540932388910781,0.21916365883003283,0.18525399036468926,0.21950362936193338
2025-03-14,0.25996823915645406,0.2200741391083797,0.1895078630285238,0.22318341376445253
2025-03-15,0.25712434927782635,0.23608016562069822,0.19191252424441074,0.22837234638097845
2025-03-16,0.260578086415872,0.2601716905667739,0.19458306492152042,0.23844428063472212
2025-03-17,0.2646382903323633,0.2658439827008747,0.2037442574429959,0.2447421768254113
2025-03-18,0.25964291734528055,0.2436796410106331,0.20263929754208299,0.23532061863266554
2025-03-19,0.2453605478926784,0.2536966583205974,0.2502643781748113,0.24977386146269567
2025-03-20,0.24974852063130396,0.2583767437323187,0.2618186834711751,0.25664798261159927
2025-03-21,0.23857103705154126,0.26452400307829044,0.2518290352504233,0.251641358460085
2025-03-22,0.23888861609151404,0.2669881529173306,0.25066177906042836,0.252179516023091
2025-03-23,0.24302348062486312,0.26958388883469364,0.2513780499042889,0.2546618064546152
2025-03-24,0.2414555893803252,0.2720877096001474,0.24989245111702263,0.25447858336583173
2025-03-25,0.2436057634097719,0.27073521282476504,0.2500693081155067,0.2548034281166813
2025-03-26,0.24554673825229786,0.27197888552878313,0.24884015197604237,0.2554552585857078
2025-03-27,0.24743183292781168,0.26970290161393473,0.2504495506622475,0.2558614284013313
2025-03-28,0.24624238048570815,0.2777014708592115,0.25040487456233407,0.25811624196908456
2025-03-29,0.243805196762773,0.2655966355585905,0.2560489220654382,0.2551502514622672
2025-03-30,0.2347440712977732,0.26586262586847886,0.248204126255676,0.24960360780730936
2025-03-31,0.24022560840083815,0.2598807704397402,0.2458872995755345,0.24866455947203767
2025-04-01,0.2299157215065056,0.257950552249645,0.23954143288452692,0.2424692355468925
2025-04-02,0.22883018994873588,0.266318082788671,0.2102049490698139,0.2351177406024069
2025-04-03,0.22749643310264953,0.25557484906621575,0.2092322355781514,0.23076783924900557
2025-04-04,0.22023893239511647,0.25833317074756934,0.19986152024956952,0.22614454113075177
2025-04-05,0.2193326368780425,0.33801797114644644,0.20518986523579702,0.25418015775342867
2025-04-06,0.22042709747821013,0.32691791586728663,0.20913377630199204,0.2521595965491629
2025-04-07,0.22744182478036262,0.3277009289066649,0.21467824320446804,0.2566069989638318
2025-04-08,0.23057535361545706,0.33421584886027383,0.2181711689245287,0.26098745713341986
2025-04-09,0.2294772336038099,0.3260033167495854,0.2228313508345843,0.25943730039599316
2025-04-10,0.23001495283085882,0.33304978376093386,0.22540462016252766,0.2628231189181068
2025-04-11,0.22205011767176636,0.3341176470588235,0.22814590363903092,0.2614378894565403
2025-04-12,0.23245176094479703,0.3393485730389447,0.22616338996804392,0.2659879079839285
2025-04-13,0.24217373091926708,0.3177842812083374,0.23732425449938266,0.26576075554232903
2025-04-14,0.23613029059561627,0.3235749357786232,0.24442611880230752,0.2680437817255157
2025-04-15,0.2514882435200507,0.3193320976815269,0.2558919955994293,0.275570778933669
2025-04-16,0.22496398971223286,0.29584820993073846,0.23612796288426927,0.2523133875090802
2025-04-17,0.22439452597246395,0.3001894666103036,0.23797611851842793,0.2541867037003985
2025-04-18,0.23498897554932408,0.29535633379941245,0.24077659635332616,0.2570406352340209
2025-04-19,0.23963789594291657,0.22450167463336904,0.24251368845653778,0.23555108634427446
2025-04-20,0.2535876992299525,0.23778037915000158,0.24551326198201248,0.24562711345398888
2025-04-21,0.2650423783300391,0.26704538310625514,0.24687506087033992,0.25965427410221137
2025-04-22,0.272533589487782,0.26787392015955075,0.25022425725083125,0.263543922299388
2025-04-23,0.282935136082323,0.2811341982895976,0.2565605550152138,0.2735432964623781
2025-04-24,0.27925552794375796,0.2817719680464778,0.3041826658304593,0.288403387273565
2025-04-25,0.2927157977388012,0.31305130122806446,0.30328102487527864,0.30301604128071474
2025-04-26,0.2970478903104147,0.31011955473178765,0.2995432049484147,0.30223688333020565
2025-04-27,0.29027786279787215,0.3148833176167094,0.29856633371227626,0.3012425047089526
2025-04-28,0.28888963154227176,0.3197179678947311,0.2994594615546209,0.30268902033054124
2025-04-29,0.30050556579044707,0.3286905342568204,0.3010953887905986,0.31009716294595535
2025-04-30,0.2951856111052229,0.3223817730519516,0.3459925162783122,0.3211866334784956
2025-05-01,0.3058185661567475,0.36788194105724104,0.3590978174898666,0.34426610823461834
2025-05-02,0.3017278895722614,0.37380765020214823,0.367598369744897,0.3477113031731022
2025-05-03,0.29704421979397355,0.3720521575130882,0.36968528232700926,0.346260553211357
2025-05-04,0.2865745912925016,0.37757270293413103,0.37043507716939705,0.3448607904653433
2025-05-05,0.2781016244435883,0.34507397652261573,0.37311446069643095,0.3320966872208783
2025-05-06,0.2738005735059458,0.3462302864761162,0.37132160590259955,0.33045082196155384
2025-05-07,0.26741391605204246,0.3437446753162292,0.3675232060664636,0.3262272658115784
2025-05-08,0.27690893653824705,0.3395480115761063,0.3221842003089484,0.31288038280776725
2025-05-09,0.27854604762166835,0.3092630529270857,0.32622505298722154,0.3046780511786585
2025-05-10,0.2810564862039632,0.31539058520035984,0.33285448483930014,0.30976718541454107
2025-05-11,0.29450591167734075,0.3176941003045773,0.3380405526393598,0.31674685487375925
2025-05-12,0.3047939649106075,0.33002243683543075,0.34009103800798623,0.32496914658467485
2025-05-13,0.2947912366828238,0.3307781354664585,0.3413467226972232,0.32230536494883516
2025-05-14,0.3017697121642933,0.33859027303569295,0.29400507511236174,0.311455020104116
2025-05-15,0.3155261029472405,0.298160396275702,0.3067633935492944,0.30681663092407896
2025-05-16,0.3201614530776993,0.3314924289229235,0.3059384350284732,0.31919743900969866
2025-05-17,0.3188930149627927,0.32495756511559837,0.3068580914205904,0.31690289049966053
2025-05-18,0.3202252693728914,0.3234851884369004,0.3070968483685439,0.3169357687261119
2025-05-19,0.32157024614964036,0.3274563999176231,0.4166427960307517,0.3552231473660051
2025-05-20,0.39984635044417405,0.38445875199167556,0.4070217753132176,0.3971089592496891
2025-05-21,0.396162234997646,0.3756379323426441,0.4127799882779558,0.3948600518727486
2025-05-22,0.3851620610743496,0.37156700159334044,0.412636852901883,0.389788638523191
2025-05-23,0.3809477869199557,0.36530289727831433,0.4121668618157027,0.3861391820046576
2025-05-24,0.3715053144590357,0.359521347510812,0.4144838861197282,0.3818368493631919
2025-05-25,0.3619982744849298,0.3451448639157155,0.4159265240950464,0.37435655416523056
2025-05-26,0.3584637219683414,0.33272547935702745,0.4337548963773904,0.3749813659009198
2025-05-27,0.3463661309121469,0.32678437875979577,0.4267848166334237,0.36664510876845546
2025-05-28,0.3492125533752633,0.33521932819562317,0.4278209477386369,0.3707509431031745
2025-05-29,0.3302832382525429,0.3312743472181575,0.4128806891112079,0.35814609152730276
2025-05-30,0.33612771751067916,0.30199763708689664,0.4201760402986764,0.3527671316320841
2025-05-31,0.34767166874421995,0.30502368332628793,0.419380183805498,0.35735851195866863
2025-06-01,0.3483967051578791,0.30626193650483957,0.420680082744356,0.3584462414690249
2025-06-02,0.3486649344015217,0.3120799054834758,0.31168239177744883,0.3241424105541488
2025-06-03,0.28933114652686615,0.2547224661008682,0.42752326065869684,0.32385895776214374
2025-06-04,0.29749686913570245,0.27972989085075706,0.4230627028920345,0.3334298209594981
2025-06-05,0.3062222413111433,0.3233228194539286,0.41519197249599626,0.34824567775368936
2025-06-06,0.3084494262899189,0.32249970192609934,0.42151612785588355,0.3508217520239672
2025-06-07,0.31813119499675746,0.32254912799835234,0.4365399977639023,0.35907344025300403
2025-06-08,0.3219104473029559,0.3468333712700116,0.44647817315171456,0.3717406639082273
2025-06-09,0.31870216117251415,0.34873952676703623,0.42809270132414556,0.3651781297545653
2025-06-10,0.3337361497040283,0.3604942607225311,0.4366191226547723,0.37694984436044393
2025-06-11,0.33388050244725587,0.35490803065283605,0.44243125090896074,0.37707326133635083
2025-06-12,0.3348917973364096,0.3556390162477373,0.4374414421870435,0.37599075192373016
2025-06-13,0.3346142262070889,0.3468548325908583,0.43546064380402183,0.372309900867323
2025-06-14,0.3424459768928612,0.34206635666980995,0.43528543658282326,0.37326592338183145
2025-06-15,0.34657173013179465,0.3341462621532858,0.43432156594108495,0.3716798527420551
2025-06-16,0.35259018690467003,0.34079883805374,0.43335769529934676,0.37558224008591895
2025-06-17,0.3449861369251569,0.34032647221409285,0.41918102369608634,0.36816454427844536
2025-06-18,0.3530172242854406,0.3631305346903825,0.4303912494327867,0.3821796694695366
2025-06-19,0.35687917001516645,0.3421196848003988,0.44081756345692,0.3799388060908284
2025-06-20,0.3938450750066671,0.34053436521098207,0.43636056947123725,0.3902466698962955
2025-06-21,0.39433987812957827,0.34641216575076683,0.4215575731874396,0.3874365390225949
2025-06-22,0.4007655133456326,0.33637693883523556,0.4107692307692309,0.382637227650033
2025-06-23,0.44045213459409494,0.3371384905537671,0.4031029417352382,0.3935645222943667
2025-06-24,0.4508039930175921,0.3344900768488711,0.43712184615209926,0.4074719720061875
2025-06-25,0.4647554437583502,0.33041394335511975,0.49709068708911164,0.4307533580675272
2025-06-26,0.47986239711375533,0.3400325171527981,0.5499329170639162,0.4566092771101566
2025-06-27,0.4807838136691953,0.3518921731213215,0.5511886017531532,0.46128819618122335
2025-06-28,0.4704960021321527,0.35609534029200407,0.5527875078121486,0.45979295007876847
2025-06-29,0.46225604285470034,0.3591042608309216,0.5524249509652562,0.4579284182169594
2025-06-30,0.45468777240838376,0.35014361742485833,0.5527476489308876,0.45252634625470983
2025-07-01,0.44475426401948326,0.35194745228107827,0.4653646542804897,0.4206887901936837
2025-07-02,0.4354049164604764,0.31612525607257824,0.45611094211782055,0.4025470382169584
2025-07-03,0.43383134274173996,0.30411428695303433,0.4560048279187301,0.39798348587116816
2025-07-04,0.39803686096049107,0.3109749726313964,0.4527936854692508,0.38726850635371274
2025-07-05,0.4037576459702299,0.3093998417498563,0.49626170293701843,0.4031397302190349
2025-07-06,0.40197862915454174,0.3191833859027303,0.49459040430134393,0.405250806452872
2025-07-07,0.3675394589499378,0.3327020670070129,0.5131904148704003,0.40447731360911704
2025-07-08,0.36720389901735784,0.33354512838855827,0.47991147214289365,0.39355349984960325
2025-07-09,0.3494731959704013,0.33734725067473087,0.41877537501588635,0.36853194055367283
2025-07-10,0.3606039590168123,0.33414864674449096,0.3919109956618828,0.3622212004743954
2025-07-11,0.4118798835089523,0.32932180058314087,0.4195804040960772,0.3869273627293901
2025-07-12,0.4178866480636786,0.3269679922825957,0.41813123252229667,0.38766195762285705
2025-07-13,0.42123956586785527,0.32959667891479416,0.41853800361881,0.3897914161338198
2025-07-14,0.42137555853466124,0.33045036256625365,0.41894041934696336,0.3902554468159594
2025-07-15,0.4205689555244654,0.32798512882212033,0.4169949923636386,0.38851635890340813
2025-07-16,0.42261408184258753,0.32752837121581624,0.40340518180742224,0.38451587828860867
2025-07-17,0.421132312841794,0.32482858040949925,0.3921128624542136,0.3793579185685023
2025-07-18,0.40782902147813893,0.32039085617663315,0.3877241033007338,0.3719813269851686
2025-07-19,0.42735311116115604,0.32385891891305996,0.33876467603003535,0.36332556870141713
2025-07-20,0.46219105139327266,0.32189358219794273,0.3791774227923884,0.3877540187945346
2025-07-21,0.4540551469129269,0.300016908919455,0.3652139032878937,0.3730953197067586
2025-07-22,0.4428175064494514,0.2958050705080263,0.36076594977601895,0.3664628422444989
2025-07-23,0.44411350903886726,0.2936665257590045,0.40605335058739056,0.38127779512842075
2025-07-24,0.4141916771905232,0.2934014025731907,0.37476635834429195,0.3607864793693352
2025-07-25,0.3600061684795789,0.3116823290952644,0.33991642365843955,0.33720164041109424
2025-07-26,0.35719702798564656,0.33352214960058096,0.3397329675508134,0.34348404837901364
2025-07-27,0.35370779024491183,0.33128301845890373,0.33861876846036365,0.3412031923880597
2025-07-28,0.3934329169680385,0.32629662146782423,0.3375841550192318,0.3524378978183648
2025-07-29,0.4055389536741828,0.3269478316478609,0.3483693299960738,0.36028537177270586
2025-07-30,0.3991106891951499,0.32232801135932543,0.3594579995746173,0.36029890004303083
2025-07-31,0.39676338380592835,0.3211118698446763,0.37000125016213903,0.36262550127091453
2025-08-01,0.40722997020114204,0.3231368213399235,0.3711547141703532,0.3671738352371396
2025-08-02,0.37777570427095186,0.3170556802046412,0.3712431426695951,0.3553581757150628
2025-08-03,0.34018530326915375,0.30789906675771467,0.3985854977697981,0.3488899559322222
2025-08-04,0.34543012505003357,0.3155124161328434,0.4256803851853276,0.3622076421227349
2025-08-05,0.34337974020595463,0.31793862929361905,0.4252764517930928,0.3621982737642222
2025-08-06,0.3491632146838949,0.3173476842367682,0.4009198780365839,0.355810258985749
2025-08-07,0.37633403985930014,0.31430082701958617,0.40338162198328786,0.3646721629540581
2025-08-08,0.37596245869729994,0.29543719311937044,0.40792697895753294,0.3597755435914011
2025-08-09,0.40840585238011173,0.2745848101540228,0.404857322106841,0.36261599488032514
2025-08-10,0.4104634221343769,0.27445387441875585,0.4043006844119085,0.36307266032168045
2025-08-11,0.3593559749347951,0.27704505793472717,0.4187619769900288,0.351721003286517
2025-08-12,0.3420896879162829,0.32271193054336156,0.40589873228099893,0.3569001169135478
2025-08-13,0.3456310980733055,0.3258968772694262,0.40503074743754974,0.3588529075934271
2025-08-14,0.3445435434528167,0.3260434212380364,0.4040670089090157,0.3582179911999563
2025-08-15,0.3457511218052617,0.32568833392948116,0.4064987926381719,0.35931274945763825
2025-08-16,0.34430898510612346,0.3844153957879448,0.40803744852498336,0.3789206098063505
2025-08-17,0.35021755958995915,0.3841799716016866,0.34204913475677856,0.3588155553161414
2025-08-18,0.38000522847723706,0.3857379767827529,0.3148713621373602,0.3602048557991167
2025-08-19,0.3774222862535762,0.43615148657583536,0.3122450357098716,0.3752729361797611
2025-08-20,0.3698171577863175,0.4311117614541671,0.2867070838444986,0.3625453343616611
2025-08-21,0.34174271469606127,0.4294241212239456,0.2844433142639024,0.35187005006130306
2025-08-22,0.339495101813718,0.42711150131694475,0.28494946833715995,0.35051869048927425
2025-08-23,0.30354514403706845,0.4209132984315893,0.28524801360700497,0.3365688186918876
2025-08-24,0.29861461749367874,0.41808170476593076,0.3216483502445514,0.34611489083472025
2025-08-25,0.30698803685344833,0.41280828970615335,0.30137730526622897,0.3403912106086102
2025-08-26,0.30751711707356827,0.36325366630897793,0.29729190860124655,0.3226875639945976
2025-08-27,0.3165871121367595,0.36064752490271956,0.29048291415960936,0.3225725170663628
2025-08-28,0.3172940226400772,0.35831669539015165,0.2809686016046623,0.3188597732116304
2025-08-29,0.3135669427501666,0.3580708657149979,0.28064999478098257,0.31742926774871566
2025-08-30,0.31476700892267334,0.2977172958735733,0.40065379985963256,0.3377127015519597
2025-08-31,0.2999276191664452,0.2950209735635547,0.46217271301125085,0.35237376858041697
2025-09-01,0.26764801321621084,0.29038359401250824,0.4670586512748598,0.3416967528345263
2025-09-02,0.2668059096033259,0.2374699487312891,0.463822168202601,0.322699342179072
2025-09-03,0.2648063286523198,0.23852979113148848,0.4619557329050974,0.3217639508963019
2025-09-04,0.26422629952139254,0.25729782460247774,0.45960353482525906,0.32704255298304313
2025-09-05,0.2582647530640304,0.25276363281631054,0.4536678708985401,0.3215654189262937
2025-09-06,0.2505348518606282,0.2523881680920018,0.45287201440536184,0.3185983447859973
2025-09-07,0.2513958326018485,0.25368105008725433,0.4128102760489025,0.30596238624600175
2025-09-08,0.2490213383471146,0.25657637737239725,0.4167070030479936,0.30743490625583514
2025-09-09,0.24415453142042742,0.25443674871828215,0.41412489087012605,0.30423872366961185
2025-09-10,0.246165707911093,0.2545369015489003,0.4159730465042847,0.3055585519880927
2025-09-11,0.24446187233899397,0.2548555696463217,0.41895863022409463,0.30609202406980346
2025-09-12,0.24040166842250263,0.2531347619202463,0.4156958828284717,0.30307743772374024
2025-09-13,0.23684147781563442,0.25613067559804453,0.2917216381338541,0.261564597182511
2025-09-14,0.2393738467374847,0.25346296838248844,0.21765247719900796,0.23682976410632703
2025-09-15,0.23608587205549084,0.2510046716309519,0.2365027931570165,0.24119777894781977
2025-09-16,0.23377138966673516,0.24919281587704178,0.2362391574365759,0.23973445432678428
2025-09-17,0.24829047444152244,0.24858279409054942,0.28191161801334064,0.25959496218180417
2025-09-18,0.2446301190402896,0.22950519732492214,0.27679431349830097,0.25030987662117093
2025-09-19,0.2743279579330988,0.22782080880998057,0.3043875679509527,0.26884544489801065
2025-09-20,0.27465835601821154,0.2300913731993626,0.333374099173561,0.2793746094637117
2025-09-21,0.26960160264193567,0.22455673701210718,0.3305160767575533,0.2748914721371987
2025-09-22,0.2630162147137802,0.2228517543003934,0.32460317997574367,0.2701570496633057
2025-09-23,0.2566272069274057,0.22405077011456873,0.339693964675768,0.27345731390591416
2025-09-24,0.23738862450188936,0.22948005072675834,0.33718424507457956,0.26801764010107576
2025-09-25,0.23539477436432665,0.22300653594771241,0.33669788832874836,0.2650330662135958
2025-09-26,0.23672702877442536,0.22097616492699895,0.3353714608401177,0.264358218180514
2025-09-27,0.2346969268161797,0.21485405217919118,0.3341953618001986,0.26124878026518983
2025-09-28,0.23590229985388808,0.21313324445311566,0.33743587050372914,0.2621571382702443
2025-09-29,0.23553752799307703,0.2107751005321974,0.30760689268433505,0.25130650706986984
2025-09-30,0.23025650273075904,0.20853531904746414,0.2975155511435327,0.24543579097391863
2025-10-01,0.20644455676423626,0.20474772108954137,0.24673581682864554,0.21930936489414107
2025-10-02,0.2061987784868804,0.20086907510378388,0.24879349526991063,0.21862044962019164
2025-10-03,0.17672563542835512,0.20179776498769766,0.21925481383393397,0.1992594047499956
2025-10-04,0.17514454952968037,0.1992835387333485,0.18452927301051714,0.18631912042451534
2025-10-05,0.1741049389480237,0.1999835246425822,0.1797989422645645,0.18462913528505678
2025-10-06,0.2164197205175108,0.19544261264483684,0.18446532694414958,0.19877588670216575
2025-10-07,0.22491847047443825,0.1862437268992727,0.1679685291061767,0.1930435754932959
2025-10-08,0.2242742494393219,0.17705416273751068,0.16748936543298415,0.18960592586993888
2025-10-09,0.21971558298843988,0.18013158607832297,0.1643589965598159,0.18806872187552626
2025-10-10,0.2292746020218542,0.17456855157762385,0.16160002738346424,0.18848106032764744
2025-10-11,0.22603006407072945,0.17238339890959142,0.15692215977356022,0.1851118742512937
2025-10-12,0.22098274925862132,0.17043497111392927,0.154228390101249,0.18188203682459989
2025-10-13,0.22069498834713913,0.1621587053837566,0.15494617860919088,0.17926662411336222
2025-10-14,0.21979803471574316,0.1588354523677907,0.18266607066506013,0.18709985258286466
2025-10-15,0.22109361335691724,0.15522084566275374,0.1848507164466309,0.18705505848876727
2025-10-16,0.256808782195611,0.15293554016410327,0.18222439001914234,0.19732290412628553
2025-10-17,0.2535865018537937,0.14851060601133764,0.18003136323793967,0.19404282370102366
2025-10-18,0.2507777369688583,0.1626601198799033,0.17672413736628734,0.19672066473834962
2025-10-19,0.2537552691818208,0.2158427904052721,0.17781299583395757,0.21580368514035017
2025-10-20,0.2082220116997303,0.2150415677603269,0.16807741440702142,0.19711366462235955
2025-10-21,0.19671548745310805,0.21683304609848358,0.16695437246664752,0.19350096867274638
2025-10-22,0.19447693752593537,0.21251736957911962,0.16568984492748629,0.19089471734418043
2025-10-23,0.19465819662935016,0.20997712960253198,0.1646640743362786,0.18976646685605358
2025-10-24,0.17905418649705251,0.21085119066974492,0.15572725261747927,0.18187754326142555
2025-10-25,0.17149568188465564,0.20148234860555608,0.14696728789716398,0.17331510612912523
2025-10-26,0.17096059192058516,0.1978313226893853,0.13685661087922762,0.16854950849639935
2025-10-27,0.1625569788233281,0.20193758874472953,0.12599547954472706,0.16349668237092824
2025-10-28,0.16987862309580526,0.19325160688930076,0.11995053397755086,0.1610269213208856
2025-10-29,0.1879994088241005,0.20110363216596755,0.11548997621088854,0.16819767240031888
2025-10-30,0.14246981075348963,0.20102168894091632,0.1137214062260477,0.15240430197348456
2025-10-31,0.13955647044471614,0.20232367573895227,0.11120119399764955,0.15102711339377264
2025-11-01,0.13646332512927073,0.1819078897451739,0.10995435215833677,0.14277518901092714
2025-11-02,0.13032925525391248,0.1245370099394097,0.10769058257774052,0.12085228259035423
2025-11-03,0.13155050054798084,0.12247932451034585,0.10771051201837101,0.12058011235889925
2025-11-04,0.13535543928370386,0.12157686512968922,0.10539368533822951,0.12077532991720753
2025-11-05,0.1333797150564826,0.12097594814598032,0.10323602995672371,0.11919723105306222
2025-11-06,0.1279510049092096,0.11892736751969994,0.1,0.11562612414296984
2025-11-07,0.1270809612128186,0.12771675392102666,0.10673720456321198,0.12051163989901907
2025-11-08,0.14277400178234634,0.12868186301607432,0.11674222923235032,0.12939936467692367
2025-11-09,0.13927001861224234,0.12827409791998615,0.12292338132936897,0.13015583262053249
2025-11-10,0.1429144534178704,0.13024420381751375,0.12782291415087466,0.1336605237954196
2025-11-11,0.13368099789185364,0.13173739147400254,0.109154536636411,0.12485764200075572
2025-11-12,0.11321333072257861,0.12270174183548488,0.10713836685369243,0.11435114647058531
2025-11-13,0.11757186094171053,0.12040733153405088,0.10550243961771469,0.11449387736449203
2025-11-14,0.11886786353112631,0.11834054130220358,0.10440592622711337,0.11387144368681441
2025-11-15,0.11879728627398976,0.1166015239705611,0.10341552703560251,0.1129381124267178
2025-11-16,0.11591489092069765,0.11511744111685579,0.10140820010280814,0.11081351071345386
2025-11-17,0.12216179961782601,0.11184881691759066,0.1,0.11133687217847221
2025-11-18,0.1176816465522605,0.12801894666103036,0.1,0.11523353107109695
2025-11-19,0.10984481959254913,0.12013418745054683,0.1,0.10999300234769865
2025-11-20,0.10782378058947423,0.11309725880401911,0.1,0.10697367979783112
2025-11-21,0.10015652051502853,0.11155572898037046,0.1,0.103904083165133
2025-11-22,0.1,0.11816711648728036,0.1,0.10605570549576011
2025-11-23,0.1,0.11665376819605673,0.1,0.10555125606535225
2025-11-24,0.1,0.10568118015586554,0.1,0.10189372671862185
2025-11-25,0.1,0.1131208879350524,0.1,0.10437362931168415
2025-11-26,0.1,0.10685093053252255,0.1,0.10228364351084085
2025-11-27,0.1,0.10419232811974982,0.1,0.10139744270658328
2025-11-28,0.1,0.10260809243542635,0.1,0.10086936414514212
2025-11-29,0.11433515133531447,0.1351345668173295,0.1,0.11648990605088132
2025-11-30,0.11714499470799584,0.13935269187829913,0.1,0.11883256219543166
2025-12-01,0.10660562574090918,0.14249471596267027,0.1,0.11636678056785982
2025-12-02,0.10792280745188652,0.13127109550287774,0.1,0.11306463431825475
2025-12-03,0.11029467244364191,0.13435762364647352,0.1,0.11488409869670514
2025-12-04,0.11345764379823003,0.13954627732795716,0.1,0.11766797370872906
2025-12-05,0.1187866614386249,0.1281102114698837,0.1,0.11563229096950285
2025-12-06,0.12090278896212539,0.12091611658483181,0.1,0.11393963518231907
2025-12-07,0.13615179306753172,0.11681743786514052,0.1,0.11765641031089076
2025-12-08,0.13312406316175568,0.12217799889441679,0.1,0.11843402068539081
2025-12-09,0.1331478715462957,0.11648641324965586,0.1,0.11654476159865053
2025-12-10,0.13229858302322453,0.11899847169381847,0.1,0.11709901823901432
2025-12-11,0.13272900088496747,0.1158857130469656,0.1,0.1162049046439777
2025-12-12,0.13181627167570117,0.12657540185781335,0.1,0.11946389117783818
2025-12-13,0.1,0.11018480581840251,0.1,0.10339493527280084
2025-12-14,0.1,0.104783056395582,0.1,0.10159435213186067
2025-12-15,0.1,0.10134057381935638,0.1,0.10044685793978547
2025-12-16,0.1,0.1,0.1,0.10000000000000002
2025-12-17,0.1,0.1,0.1,0.10000000000000002
2025-12-18,0.1,0.11720699335566176,0.1,0.10573566445188726
2025-12-19,0.1,0.11861086723246511,0.1,0.10620362241082171
2025-12-20,0.1,0.1189841641465873,0.1,0.1063280547155291
2025-12-21,0.1,0.12188100889886083,0.1,0.10729366963295361
2025-12-22,0.1,0.1188673191775328,0.1,0.10628910639251093
2025-12-23,0.1,0.11778384764630008,0.1,0.10592794921543336
2025-12-24,0.1,0.11681635396004726,0.1,0.10560545132001575
2025-12-25,0.1,0.11914783381567108,0.1,0.10638261127189037
2025-12-26,0.1,0.10865389826466793,0.1,0.10288463275488931
2025-12-27,0.1,0.1,0.1,0.10000000000000002
2025-12-28,0.1,0.10443143758332518,0.1,0.1014771458611084
2025-12-29,0.1,0.1004628274748263,0.1,0.10015427582494212
2025-12-30,0.1,0.1,0.1,0.10000000000000002
2025-12-31,0.1,0.1,0.1,0.10000000000000002
2026-01-01,0.1,0.1,0.1,0.10000000000000002
2026-01-02,0.1,0.1,0.1,0.10000000000000002
2026-01-03,0.1,0.1,0.1,0.10000000000000002
2026-01-04,0.1,0.1,0.1,0.10000000000000002
2026-01-05,0.1,0.1,0.1,0.10000000000000002
2026-01-06,0.1,0.1,0.1,0.10000000000000002
2026-01-07,0.1,0.1,0.1,0.10000000000000002
2026-01-08,0.1,0.1,0.1,0.10000000000000002
2026-01-09,0.1,0.10109582804929601,0.1,0.10036527601643201
2026-01-10,0.1,0.10672931638105768,0.1,0.10224310546035258
2026-01-11,0.1,0.1,0.1,0.10000000000000002
2026-01-12,0.1,0.1,0.1,0.10000000000000002
2026-01-13,0.1,0.1,0.1,0.10000000000000002
2026-01-14,0.1,0.1,0.1,0.10000000000000002
2026-01-15,0.1,0.1,0.1,0.10000000000000002
2026-01-16,0.1,0.1,0.1,0.10000000000000002
2026-01-17,0.10627269507130775,0.10090744534408565,0.1,0.10239338013846448
2026-01-18,0.10707136195332356,0.10100976598489037,0.1,0.10269370931273798
2026-01-19,0.1111500673891533,0.10429399841749856,0.1,0.10514802193555062
2026-01-20,0.11366994453561582,0.10806338676985441,0.1,0.10724444376849007
2026-01-21,0.11491494987497936,0.10933805915953998,0.1,0.10808433634483978
2026-01-22,0.1,0.11096174898925851,0.1,0.10365391632975285
2026-01-23,0.1,0.1,0.1,0.10000000000000002
2026-01-24,0.1,0.1,0.1,0.10000000000000002
2026-01-25,0.1,0.10695671966962572,0.1,0.10231890655654191
2026-01-26,0.1,0.11005235261600493,0.1,0.10335078420533499
2026-01-27,0.1,0.11586121679185768,0.1,0.10528707226395256
2026-01-28,0.1,0.12317822651448639,0.1,0.10772607550482878
2026-01-29,0.1,0.12344226579520695,0.1,0.10781408859840232
2026-01-30,0.1,0.12770483096500068,0.1,0.10923494365500024
2026-01-31,0.1,0.1275082105810815,0.1,0.10916940352702716
2026-02-01,0.1,0.13072914295624274,0.1,0.11024304765208093
2026-02-02,0.1,0.12983253666308978,0.1,0.10994417888769659
2026-02-03,0.1,0.12917699086268006,0.1,0.10972566362089335
2026-02-04,0.1,0.12607225311351739,0.1,0.10869075103783914
2026-02-05,0.1,0.12493523667067714,0.1,0.10831174555689238
2026-02-06,0.1,0.12527211437366545,0.1,0.10842403812455514
2026-02-07,0.1,0.1281195330536858,0.1,0.10937317768456194
2026-02-08,0.1,0.10313920593112866,0.1,0.10104640197704289
2026-02-09,0.1,0.10276590901700647,0.1,0.10092196967233551
2026-02-10,0.1,0.10321204435339641,0.1,0.10107068145113214
2026-02-11,0.1,0.10427730627906222,0.1,0.10142576875968741
2026-02-12,0.1,0.10201021038597859,0.1,0.10067007012865954
2026-02-13,0.1,0.1028660618476246,0.1,0.10095535394920822
2026-02-14,0.1,0.1,0.1,0.10000000000000002
2026-02-15,0.1,0.11617164721057022,0.1,0.10539054907019008
2026-02-16,0.10290791390192588,0.11816343120996325,0.1,0.10702378170396305
2026-02-17,0.10586243728758697,0.11772640067635676,0.10919545133146097,0.11092809643180157
2026-02-18,0.11489820359281433,0.1313764510779436,0.11458958978522549,0.12028808148532781
2026-02-19,0.11150940957695155,0.13368343467845953,0.12201223805008779,0.12240169410183295
2026-02-20,0.14082515025584688,0.1353743266239608,0.1405702781103052,0.13892325166337097
2026-02-21,0.14106985004545683,0.13443761584235683,0.14510666012142193,0.1402047086697452
2026-02-22,0.1445681507413623,0.13242068524479997,0.14862611439125514,0.14187165012580583
2026-02-23,0.1515466262228318,0.13340400394541452,0.15180069751404449,0.1455837758940969
2026-02-24,0.15346797271902862,0.12977118763481071,0.14925395673587366,0.14416437236323768
2026-02-25,0.15331390248112606,0.13236930814337897,0.1530551942762883,0.1462461349669311
2026-02-26,0.16249955898604512,0.13748100456324042,0.15702668970604491,0.15233575108511013
2026-02-27,0.16488311619594967,0.13979362447024135,0.15963533043368516,0.15477069036662539
2026-02-28,0.16820015778844033,0.14942975753043064,0.1659867404200458,0.16120555191297226
2026-03-01,0.16237305322265172,0.13166281880358555,0.1617631577108473,0.1519330099123615
2026-03-02,0.1566815173754272,0.14736513510876986,0.15532556296602665,0.15312407181674123
2026-03-03,0.1547027399369859,0.18089031964361202,0.14718637963089543,0.16092647973716445
2026-03-04,0.14574854022829514,0.20842519428998796,0.1463827361015818,0.16685215687328828
2026-03-05,0.14527651534142286,0.22034446503864114,0.1431781272505649,0.16959970254354295
2026-03-06,0.1814194727788811,0.22470674947701574,0.14115344435501032,0.18242655553696907
2026-03-07,0.1914120112245033,0.27336888542039256,0.14395438404020092,0.20291176022836557
2026-03-08,0.19266269903806535,0.2808122784768965,0.14525428297905893,0.20624308683134027
2026-03-09,0.1937865054792371,0.2841446362956459,0.14768606670821505,0.208539069494366
2026-03-10,0.19754838309308784,0.28958562308284286,0.15491067509628986,0.21401489375740687
2026-03-11,0.2016999194400356,0.2980899424446395,0.163680406367114,0.2211567560839297
2026-03-12,0.19313242193171137,0.3021194680193802,0.16387389325165758,0.2197085944009164
2026-03-13,0.19910861713995306,0.30495431340031876,0.16551147026492086,0.22319146693506423
2026-03-14,0.20058587883278356,0.30346697883133344,0.16717392605067127,0.22374226123826277
2026-03-15,0.2242685930944449,0.3181079352691878,0.17490290662151387,0.23909314499504886
2026-03-16,0.2401725286438604,0.3266122546309845,0.186345554423434,0.25104344589942634
2026-03-17,0.24525309040467622,0.30232042402367243,0.18448855593935115,0.24402069012256664
2026-03-18,0.26922939306975263,0.27236605642809913,0.19079245212151974,0.2441293005397905
2026-03-19,0.2800686874539572,0.26885507104997886,0.1933391928996906,0.2474209838012089
2026-03-20,0.22330136334634298,0.27021320413184624,0.18593165685680638,0.22648207477833185
2026-03-21,0.22059544085799548,0.22818738551252452,0.18713652818728022,0.21197311818593342
2026-03-22,0.21590989303472308,0.2254013158607832,0.1881976701781847,0.20983629302456366
2026-03-23,0.21803062454467614,0.22786871741510314,0.18673906179098343,0.21087946791692092
2026-03-24,0.21726064896416022,0.23222449842291806,0.1906778914121177,0.213387679599732
2026-03-25,0.21599113236150763,0.22635732015304735,0.18483633139319824,0.20906159463591775
2026-03-26,0.2227049040980411,0.27363400860620646,0.18721835757738015,0.22785242342720924
2026-03-27,0.22102454964073,0.35437106406963004,0.1918127460198987,0.25573611991008627
2026-03-28,0.22563759382263643,0.36155475346578647,0.19507575764193005,0.2607560349767843
2026-03-29,0.21148873279159627,0.35205801060059183,0.19746854067973013,0.25367176135730607
2026-03-30,0.20797385696058177,0.333824125559566,0.19396677210974525,0.24525491820996434
2026-03-31,0.21356344664694663,0.33723842660336656,0.2039470501196007,0.25158297445663796
2026-04-01,0.2026018265375595,0.4041268602521163,0.20469288484139647,0.27047385721035744
2026-04-02,0.2384101575124494,0.4219891826271691,0.2634070969029608,0.3079354790141931
2026-04-03,0.28436965281807186,0.4399262944536576,0.25506934523822533,0.32645509750331825
2026-04-04,0.2921341583884349,0.5195584170650018,0.25067444882589585,0.3541223414264442
2026-04-05,0.2978981978770253,0.5261320846746659,0.25330961810330865,0.35911330021833326
2026-04-06,0.29524275201199857,0.5298286346047539,0.25659869642482025,0.3605566943471909
2026-04-07,0.290622522919906,0.5311397262055734,0.25864410034838586,0.3601354498246217
2026-04-08,0.3011547069768066,0.5333612980847398,0.26028002758436364,0.36493201088197
2026-04-09,0.31226574499839876,0.48952622508373167,0.30258078886213635,0.3681242529814222
2026-04-10,0.3379193005703215,0.40947896682166507,0.30099296939384723,0.3494637455952779
2026-04-11,0.33503605732054587,0.40788562633455816,0.29340461623188685,0.3454420999623303
2026-04-12,0.3492068486911415,0.4102528750582598,0.29329850203279645,0.3509194085940659
2026-04-13,0.3428544683344469,0.40835213908670154,0.30054079612071966,0.35058246784728936
2026-04-14,0.35045931787119844,0.4282951256787956,0.30341307256880046,0.3607225053729315
2026-04-15,0.35875675643014027,0.375233202180817,0.32249957199689216,0.35216317686928317
2026-04-16,0.3327744985660719,0.3851906047106515,0.26888933411887916,0.3289514791318675
2026-04-17,0.30070301331501237,0.3676825025200794,0.2809322399018563,0.31643925191231603
2026-04-18,0.2982225862181874,0.30746225300512686,0.28771470579372094,0.29779984833901174
2026-04-19,0.30424038845155843,0.3080321703031682,0.29103961736522166,0.3011040587066494
2026-04-20,0.31221578900180935,0.31020821816841715,0.29615078462141164,0.3061915972638794
2026-04-21,0.326795078999554,0.31395029211242265,0.2967898456699406,0.3125117389273057
2026-04-22,0.32177317168646313,0.31783652543383295,0.29885907255220445,0.3128229232241668
2026-04-23,0.3222799459580308,0.31908388341516813,0.2630195968647463,0.30146114207931507
2026-04-24,0.32426247948644127,0.31969759047897767,0.267271357901003,0.3037438092888073
2026-04-25,0.32949302812543835,0.3245777647709167,0.2975241985532622,0.3171983304832057
2026-04-26,0.321918093395667,0.3311150131694469,0.30177780699068835,0.3182703045186008
2026-04-27,0.3711562214976054,0.34020680909179585,0.2994917321154753,0.3369515875682922
2026-04-28,0.3613943886302178,0.35639146316348536,0.3051104389957999,0.34096543026316767
2026-04-29,0.3522273786623714,0.3529886515136734,0.2906755428542479,0.33196385767676423
2026-04-30,0.33952872437142245,0.3246863720612623,0.2861551967656941,0.31679009773279293
2026-05-01,0.3306381587059062,0.33753801797114646,0.2868626247596304,0.318346267145561
2026-05-02,0.33249568890691095,0.32094863373762983,0.2910010785241579,0.31481513372289954
2026-05-03,0.33362855830325333,0.32567901234567903,0.2909231426521257,0.3167435711003527
2026-05-04,0.33411833349147013,0.3252051290389013,0.2914713993474264,0.3169316206259326
2026-05-05,0.33336723503928956,0.3368735841489719,0.28198962048789733,0.3174101465587196
2026-05-06,0.3307117891742628,0.33758570979525027,0.27803686657177806,0.31544478851376373
2026-05-07,0.3261370198757583,0.34042055517618874,0.27747046232633665,0.3146760124594279
2026-05-08,0.3038390113709908,0.33991697286985545,0.28138111362041285,0.3083790326204197
2026-05-09,0.30335867474694167,0.33968133190257865,0.25650591364906283,0.2998486400995277
2026-05-10,0.3024452909981712,0.3416388645010243,0.25750495806661394,0.30052970452193645
2026-05-11,0.26650176691371397,0.3423234589579336,0.26337238716112965,0.2907325376775924
